Pair,Video,True_ISC,Null_Mean,Null_Std,p_value,Significant_05
pair4_together_A_4,5,0.04449018,-0.001293364497811126,0.021250519557562533,0.000999000999000999,True
pair4_together_A_4,3,3.2873995e-05,0.0060357149668852795,0.01942252404904672,0.6403596403596403,False
pair4_together_A_4,10,0.020393416,0.005527825039374875,0.01901714156285174,0.24975024975024976,False
pair4_together_A_4,7,0.030528571,0.008462431429361459,0.025428699228014155,0.16083916083916083,False
pair4_together_A_4,4,0.024145292,8.290234254673124e-06,0.02037855499606138,0.0919080919080919,False
pair4_together_A_4,9,0.05662153,0.04061879242194118,0.023293186976517503,0.3076923076923077,False
pair4_together_A_4,6,0.029168313,0.03628125639585778,0.020454861555676065,0.5634365634365635,False
pair4_together_A_4,8,0.024016442,0.013950882285265835,0.015450750803502803,0.25774225774225773,False
pair16_together_B_6,6,0.015425723,-0.0007147158027510158,0.023591413291930225,0.23376623376623376,False
pair16_together_B_6,4,-0.006245278,0.005777021362446249,0.02206187354360714,0.6823176823176823,False
pair16_together_B_6,10,-0.023297198,0.0034945872075622902,0.02429230730059478,0.8291708291708292,False
pair16_together_B_6,9,0.0052340464,0.002376486336346716,0.028119139322756826,0.4255744255744256,False
pair16_together_B_6,5,-0.008458916,0.0005320622934959829,0.022228840760094137,0.5964035964035964,False
pair16_together_B_6,8,0.029272111,0.001532723769545555,0.023844013661457105,0.14485514485514486,False
pair16_together_B_6,3,0.014394227,0.0037732656525622586,0.02494141886636434,0.31868131868131866,False
pair16_together_B_6,7,-0.006314606,0.002163386164938856,0.014196094496990995,0.6613386613386614,False
pair8_together_A_8,6,-0.020295018,0.011916458117659203,0.027964333468196396,0.8391608391608392,False
pair8_together_A_8,9,0.03507985,0.0034323806761358353,0.02231328312479223,0.13886113886113885,False
pair8_together_A_8,5,-0.0021757905,0.005828542906208895,0.030170662261978932,0.6533466533466533,False
pair8_together_A_8,10,0.04406479,0.00796357851906214,0.024079218294400184,0.1008991008991009,False
pair8_together_A_8,8,0.06760489,-0.004720938972197473,0.02309071565051044,0.000999000999000999,True
pair8_together_A_8,3,-0.0014550253,0.004779734633630141,0.02467101212373144,0.6273726273726273,False
pair8_together_A_8,4,0.015315945,0.003104441589151975,0.01933558913406195,0.2827172827172827,False
pair8_together_A_8,7,-0.015229622,0.0024272490874282086,0.02499229015992207,0.7682317682317682,False
pair19_together_B_9,6,0.0050882,0.0015076824817806481,0.01801132602991687,0.4035964035964036,False
pair19_together_B_9,4,0.03161774,0.004661193422507494,0.020287018193746086,0.015984015984015984,True
pair19_together_B_9,5,-0.029161302,0.0026572215093729028,0.023332729043509005,0.9430569430569431,False
pair19_together_B_9,3,0.014743847,0.005587426335376222,0.01801931075103132,0.35564435564435565,False
pair19_together_B_9,9,0.0491112,0.0007935038007562981,0.027775775218971187,0.000999000999000999,True
pair19_together_B_9,7,0.014545882,0.004292139876750298,0.028366966077031482,0.33166833166833165,False
pair19_together_B_9,10,0.03732663,0.01303123702564335,0.021542972793518668,0.14385614385614387,False
pair19_together_B_9,8,0.037071303,-0.005275194627436576,0.02434296888978921,0.04195804195804196,True
pair9_together_A_9,6,-0.024346834,0.007981022837397177,0.022661980575762332,0.962037962037962,False
pair9_together_A_9,4,-0.029033147,0.007366533815349612,0.023234448249636667,0.9330669330669331,False
pair9_together_A_9,9,-0.001469216,-0.004296117381425575,0.019718875234769832,0.44555444555444557,False
pair9_together_A_9,10,0.031886283,0.006577913946821354,0.01662744550941249,0.060939060939060936,False
pair9_together_A_9,5,-0.02675795,0.0014876325293444097,0.021341094318233923,0.9200799200799201,False
pair9_together_A_9,7,0.012221875,-0.0020668738211970777,0.02196772442686296,0.19480519480519481,False
pair9_together_A_9,3,0.02383567,-0.0014041612840956076,0.019905378894599434,0.054945054945054944,False
pair9_together_A_9,8,0.023057543,-0.0036478060284425738,0.021280069316786075,0.08191808191808192,False
pair12_together_B_2,7,0.034793846,-0.0035875481859548018,0.01929360479900667,0.023976023976023976,True
pair12_together_B_2,5,-0.00296347,0.0034965606488985943,0.01962731180122797,0.5544455544455544,False
pair12_together_B_2,10,0.04548303,-0.0035374093734426423,0.020234631274974123,0.01898101898101898,True
pair12_together_B_2,3,0.021898953,-0.008449704326863866,0.02438704836674929,0.13586413586413587,False
pair12_together_B_2,9,0.007529448,0.001158035213353287,0.016962960247888438,0.2807192807192807,False
pair12_together_B_2,6,0.044339057,0.0089658095788036,0.014662519524117346,0.016983016983016984,True
pair12_together_B_2,8,0.045497067,-0.006793151274090633,0.022494400863079564,0.000999000999000999,True
pair12_together_B_2,4,0.0245137,0.0010486758245679085,0.016432832403802857,0.07192807192807193,False
pair7_together_A_7,4,0.022490619,-0.0021115276769269257,0.01961351490655485,0.13286713286713286,False
pair7_together_A_7,5,0.02263362,-0.0038165481303003615,0.020174423879547536,0.0919080919080919,False
pair7_together_A_7,7,0.010282157,0.002142242060159333,0.017233250744815878,0.23276723276723277,False
pair7_together_A_7,9,0.005713401,0.0063558789152302776,0.024689975230405958,0.4255744255744256,False
pair7_together_A_7,6,0.012134238,0.00023560913219262147,0.01796452958843448,0.2517482517482518,False
pair7_together_A_7,10,-0.00997798,0.0029160387405136132,0.014770679456754712,0.8251748251748252,False
pair7_together_A_7,3,-0.0027499788,-0.0013650644065928644,0.01747868472583362,0.45354645354645357,False
pair7_together_A_7,8,-0.014812725,0.000808265651394322,0.014052016240233885,0.8181818181818182,False
pair18_together_B_8,4,0.02819026,0.004645906896214001,0.016178742935560018,0.03196803196803197,True
pair18_together_B_8,9,0.04046192,0.00985875724896323,0.0225807603469469,0.14485514485514486,False
pair18_together_B_8,5,-0.00012626653,0.0007316691699379589,0.019629714175007633,0.6023976023976024,False
pair18_together_B_8,8,0.03782515,-0.001681317140959436,0.034984007485278676,0.1938061938061938,False
pair18_together_B_8,10,0.031715423,0.0005169538979243953,0.018357488367180975,0.013986013986013986,True
pair18_together_B_8,7,0.18244672,0.051973270929185675,0.028747800430084153,0.000999000999000999,True
pair18_together_B_8,6,0.049892273,0.03318331212445628,0.03183715984277536,0.26573426573426573,False
pair18_together_B_8,3,0.02318608,0.002589989869738929,0.019382108626274912,0.17782217782217782,False
pair5_together_A_5,9,-0.0022190744,-0.0013165646375273355,0.018093840502942393,0.48451548451548454,False
pair5_together_A_5,3,0.027632983,0.002308626999380067,0.017461376309257308,0.1038961038961039,False
pair5_together_A_5,7,0.052076794,-0.0063213435352081435,0.024129636413085326,0.000999000999000999,True
pair5_together_A_5,4,0.0039190757,-0.002030456100124866,0.02454386518479988,0.34165834165834164,False
pair5_together_A_5,10,0.03185935,-0.0016105594601394841,0.02166606162742709,0.07192807192807193,False
pair5_together_A_5,6,0.01104503,-0.002602277535246685,0.02138812990229544,0.2907092907092907,False
pair5_together_A_5,8,-0.018735997,0.0012566325504449196,0.022164041337047944,0.8121878121878122,False
pair5_together_A_5,5,0.027812999,-0.0030310628685401753,0.02403444217555131,0.059940059940059943,False
pair15_together_B_5,10,0.005086935,0.007950569746433758,0.02068749969619882,0.5754245754245755,False
pair15_together_B_5,3,-0.0003977015,0.0015485132970497943,0.017187301597030007,0.5734265734265734,False
pair15_together_B_5,4,-0.01144163,0.000704366641388333,0.017244668070283298,0.7602397602397603,False
pair15_together_B_5,7,0.022652647,-0.002904687978560105,0.021385157951885822,0.13486513486513488,False
pair15_together_B_5,8,-0.001730644,0.004231367758417036,0.019870697532554847,0.6283716283716284,False
pair15_together_B_5,6,0.010307803,-0.0035251594839792234,0.013868415715845137,0.14685314685314685,False
pair15_together_B_5,5,0.0038509627,0.0006437576516182162,0.016228042460187733,0.5004995004995005,False
pair15_together_B_5,9,0.0103828935,0.006674934436334297,0.02174068357295532,0.4225774225774226,False
pair14_together_B_4,3,0.030167075,0.002177512558584567,0.01833695309812231,0.07192807192807193,False
pair14_together_B_4,10,0.02235508,-0.005377032559597865,0.021225033294163576,0.1048951048951049,False
pair14_together_B_4,8,0.023247119,-0.0013859070340986363,0.018635256694809022,0.13186813186813187,False
pair14_together_B_4,6,-0.011198708,0.014012407186961354,0.025545937498482513,0.7902097902097902,False
pair14_together_B_4,5,0.031067614,-0.009687914396773521,0.03133049565553073,0.14485514485514486,False
pair14_together_B_4,7,0.03706149,-0.0018302494160307105,0.01991496632137266,0.03396603396603397,True
pair14_together_B_4,9,0.08638435,-0.01078183831309434,0.021127181109547758,0.000999000999000999,True
pair14_together_B_4,4,-0.014834344,0.0018064816245459952,0.021577916774499398,0.7972027972027972,False
pair20_together_B_10,8,0.021826051,0.003973852888360853,0.019445649917398354,0.12287712287712288,False
pair20_together_B_10,10,0.0255415,0.008586966504808516,0.024299674301448457,0.33466533466533466,False
pair20_together_B_10,5,0.018419383,0.0028327042381279172,0.028152086104050757,0.3276723276723277,False
pair20_together_B_10,4,0.023459783,0.007730493248207494,0.019365836659100574,0.15184815184815184,False
pair20_together_B_10,7,0.028887147,0.000488114774459973,0.023249236773299334,0.11388611388611389,False
pair20_together_B_10,3,-0.025625678,0.0011217789027723483,0.022887581457663075,0.8831168831168831,False
pair20_together_B_10,6,0.016198594,-0.0013359033043670934,0.0266778187246981,0.2177822177822178,False
pair20_together_B_10,9,0.0048891134,-0.00449550034164713,0.02342576531954727,0.3516483516483517,False
pair13_together_B_3,9,0.012878828,0.006339941203012131,0.020659809686090037,0.45454545454545453,False
pair13_together_B_3,3,0.021571433,0.010317322349641472,0.02787748591156441,0.35764235764235763,False
pair13_together_B_3,10,0.010766355,0.011518135421443731,0.018627889560690294,0.5304695304695305,False
pair13_together_B_3,5,0.013318211,0.012892611464776564,0.023348477583592715,0.4885114885114885,False
pair13_together_B_3,4,0.021126272,0.0015708081072662026,0.01810145486934861,0.15084915084915085,False
pair13_together_B_3,6,0.02073161,-0.0019244673682915162,0.028424414107691334,0.25774225774225773,False
pair13_together_B_3,8,-0.03932983,0.009891932192098466,0.026780122362271938,0.9590409590409591,False
pair13_together_B_3,7,-0.008415811,0.0041684943914879116,0.018458574131217383,0.7562437562437563,False
pair10_together_A_10,5,-0.0206929,0.0038285193615593014,0.021516440494329846,0.8811188811188811,False
pair10_together_A_10,6,0.011263096,-0.0008541883836514899,0.017982770810553737,0.2217782217782218,False
pair10_together_A_10,4,-0.034917455,-0.00042646473000058905,0.019021795529235212,0.952047952047952,False
pair10_together_A_10,7,-0.02649868,0.006504363018961157,0.02093528708282327,0.9920079920079921,False
pair10_together_A_10,8,0.017872626,0.00037555107831212806,0.019449620087619288,0.15784215784215785,False
pair10_together_A_10,3,-0.008116647,0.0024382160283857954,0.022259573396961288,0.6423576423576424,False
pair10_together_A_10,10,0.018251011,0.00789674805974937,0.018244778570967932,0.2777222777222777,False
pair10_together_A_10,9,-0.0066668363,0.012060080031631514,0.030698008260622578,0.6813186813186813,False
pair17_together_B_7,3,0.007506587,-0.002181695734732784,0.022809453386075713,0.3336663336663337,False
pair17_together_B_7,5,0.010113667,0.0018672099057876039,0.021305509091317513,0.3436563436563437,False
pair17_together_B_7,10,0.03606827,-0.0010061302353278733,0.020349772930518168,0.013986013986013986,True
pair17_together_B_7,9,-0.020108521,-0.0017883232673630118,0.027072721453861897,0.6923076923076923,False
pair17_together_B_7,8,0.020407828,0.0074934616505051965,0.025780582076784065,0.28771228771228774,False
pair17_together_B_7,6,-0.012744825,-0.00040987516986206173,0.019064483204079885,0.7322677322677322,False
pair17_together_B_7,4,0.012473392,-0.0010324849597382127,0.01820772674320196,0.1938061938061938,False
pair17_together_B_7,7,-0.013155926,-0.0001095694296527654,0.019623596116481803,0.6723276723276723,False
pair6_together_A_6,5,-0.02893821,0.0022582209840184076,0.02573748473971771,0.8821178821178821,False
pair6_together_A_6,3,0.0015723797,0.006342626331839711,0.0166345816642973,0.5914085914085914,False
pair6_together_A_6,6,0.005959883,-0.0008286815410247073,0.020678897399092476,0.34965034965034963,False
pair6_together_A_6,8,0.047338497,-0.00313694773367024,0.015066178352581179,0.000999000999000999,True
pair6_together_A_6,4,0.034705456,0.002130002619640436,0.019431607545245484,0.024975024975024976,True
pair6_together_A_6,10,-0.021506501,-0.0010564248287437295,0.015088732455466325,0.8871128871128872,False
pair6_together_A_6,9,0.033541366,0.0041916388383760935,0.02082138736386369,0.07792207792207792,False
pair6_together_A_6,7,0.008031072,-0.0004978023215662688,0.02274146936821596,0.33966033966033965,False
pair1_together_A_1,7,0.035657793,-0.0034001081520109435,0.02863134310728,0.12887112887112886,False
pair1_together_A_1,6,0.052762795,-0.0007850885103689506,0.020740334698675835,0.000999000999000999,True
pair1_together_A_1,4,0.03329063,-0.004679580090683885,0.014657800751355848,0.000999000999000999,True
pair1_together_A_1,8,0.026002552,-0.004439607346983393,0.023144966844762874,0.12687312687312688,False
pair1_together_A_1,5,0.0028572718,-0.0018339977771393023,0.020202284702205957,0.4015984015984016,False
pair1_together_A_1,10,0.040847976,-0.006235034040990285,0.015621992048015664,0.000999000999000999,True
pair1_together_A_1,3,0.01586682,0.007207422117237002,0.018862972829734707,0.3726273726273726,False
pair1_together_A_1,9,0.010683841,0.002930193604202941,0.02253063434280331,0.3756243756243756,False
pair11_together_B_1,7,0.0068829046,0.0040360952978953715,0.02054735665844436,0.3856143856143856,False
pair11_together_B_1,9,-0.0033196507,0.0036991407182067632,0.02619307555683827,0.5014985014985015,False
pair11_together_B_1,10,-0.016940821,-0.0008200302216428099,0.025485604507252794,0.7822177822177823,False
pair11_together_B_1,5,0.029762067,0.003916909564402886,0.028922584923175027,0.2057942057942058,False
pair11_together_B_1,3,-0.0073190886,0.001848175039320722,0.022051191683748562,0.7162837162837162,False
pair11_together_B_1,4,0.009641748,-0.0002590875930618495,0.018929392667678367,0.27472527472527475,False
pair11_together_B_1,6,0.00041385333,0.012538560777087695,0.01739404088936615,0.7132867132867133,False
pair11_together_B_1,8,-0.0018571508,0.012389944033580833,0.017447083208238685,0.7222777222777222,False
pair2_together_A_2,3,0.048591267,-0.0009895932324288878,0.017151520865022554,0.000999000999000999,True
pair2_together_A_2,4,-0.018035505,0.021958084685727953,0.0364462503969972,0.9120879120879121,False
pair2_together_A_2,6,0.013522133,-0.0030934088579961097,0.021610728377082614,0.25574425574425574,False
pair2_together_A_2,10,-0.010669377,0.013852229297393933,0.031267655157726754,0.7772227772227772,False
pair2_together_A_2,5,0.13766047,0.016949993331450967,0.029333673332564016,0.000999000999000999,True
pair2_together_A_2,9,-0.025165727,0.00941547582577914,0.025844320355236202,0.8381618381618382,False
pair2_together_A_2,7,0.02376092,0.007173265679564792,0.021290331072763815,0.23576423576423577,False
pair2_together_A_2,8,0.015997022,0.002467748073628172,0.023585900441430125,0.3196803196803197,False
pair3_together_A_3,4,0.008536741,-0.006200497689831537,0.048371750181514246,0.4225774225774226,False
pair3_together_A_3,8,0.018024668,0.0011337879529455678,0.01572731156397594,0.07692307692307693,False
pair3_together_A_3,10,0.026025979,0.01063039889477659,0.019768873740580502,0.14485514485514486,False
pair3_together_A_3,7,-0.028117154,-0.0010574971816968172,0.022893647126211912,0.8431568431568431,False
pair3_together_A_3,6,0.029259862,-0.0013943941743345932,0.023859222646727574,0.08491508491508491,False
pair3_together_A_3,3,-0.01684534,0.001522510450333357,0.02335929316353597,0.7852147852147852,False
pair3_together_A_3,9,0.016415417,0.004665775721194223,0.015697253070082084,0.20679320679320679,False
pair3_together_A_3,5,0.013372782,0.0095636784718954,0.0235738230490393,0.4915084915084915,False
